Time, Rain(mm), Latitude, 50.009, Longitude, -119.501,
CCS_1h2025032500, 0.000
CCS_1h2025032501, 0.000
CCS_1h2025032502, 0.000
CCS_1h2025032503, 0.000
CCS_1h2025032504, 0.000
CCS_1h2025032505, 0.000
CCS_1h2025032506, 0.000
CCS_1h2025032507, 0.000
CCS_1h2025032508, 0.000
CCS_1h2025032509, 0.000
CCS_1h2025032510, 0.000
CCS_1h2025032511, 0.000
CCS_1h2025032512, 0.000
CCS_1h2025032513, 0.000
CCS_1h2025032514, 1.000
CCS_1h2025032515, 0.000
CCS_1h2025032516, 0.000
CCS_1h2025032517, 0.000
CCS_1h2025032518, 2.000
CCS_1h2025032519, 0.000
CCS_1h2025032520, 1.000
CCS_1h2025032521, 0.000
CCS_1h2025032522, 0.000
CCS_1h2025032523, 0.000
CCS_1h2025032600, 0.000
CCS_1h2025032601, 0.000
CCS_1h2025032602, 0.000
CCS_1h2025032603, 1.000
CCS_1h2025032604, 0.000
CCS_1h2025032605, 0.000
CCS_1h2025032606, 0.000
CCS_1h2025032607, 0.000
CCS_1h2025032608, 0.000
CCS_1h2025032609, 0.000
CCS_1h2025032610, 0.000
CCS_1h2025032611, 0.000
CCS_1h2025032612, 0.000
CCS_1h2025032613, 0.000
CCS_1h2025032614, 0.000
CCS_1h2025032615, 0.000
CCS_1h2025032616, 0.000
CCS_1h2025032617, 0.000
CCS_1h2025032618, 0.000
CCS_1h2025032619, 0.000
CCS_1h2025032620, 0.000
CCS_1h2025032621, 0.000
CCS_1h2025032622, 0.000
CCS_1h2025032623, 0.000
CCS_1h2025032700, 0.000
CCS_1h2025032701, 0.000
CCS_1h2025032702, 0.000
CCS_1h2025032703, 0.000
CCS_1h2025032704, 0.000
CCS_1h2025032705, 2.000
CCS_1h2025032706, 0.000
CCS_1h2025032707, 0.000
CCS_1h2025032708, 0.000
CCS_1h2025032709, 0.000
CCS_1h2025032710, 0.000
CCS_1h2025032711, 0.000
CCS_1h2025032712, 0.000
CCS_1h2025032713, 0.000
CCS_1h2025032714, 1.000
CCS_1h2025032715, 0.000
CCS_1h2025032716, 0.000
CCS_1h2025032717, 0.000
CCS_1h2025032718, 0.000
CCS_1h2025032719, 0.000
CCS_1h2025032720, 0.000
CCS_1h2025032721, 0.000
CCS_1h2025032722, 1.000
CCS_1h2025032723, 0.000
CCS_1h2025032800, 0.000
CCS_1h2025032801, 0.000
CCS_1h2025032802, 0.000
CCS_1h2025032803, 0.000
CCS_1h2025032804, 0.000
CCS_1h2025032805, 0.000
CCS_1h2025032806, 0.000
CCS_1h2025032807, 0.000
CCS_1h2025032808, 1.000
CCS_1h2025032809, 5.000
CCS_1h2025032810, 3.000
CCS_1h2025032811, 0.000
CCS_1h2025032812, 0.000
CCS_1h2025032813, 0.000
CCS_1h2025032814, 0.000
CCS_1h2025032815, 0.000
CCS_1h2025032816, 0.000
CCS_1h2025032817, 0.000
CCS_1h2025032818, 29.000
CCS_1h2025032819, 0.000
CCS_1h2025032820, 0.000
CCS_1h2025032821, 0.000
CCS_1h2025032822, 0.000
CCS_1h2025032823, 0.000
CCS_1h2025032900, 0.000
CCS_1h2025032901, 0.000
CCS_1h2025032902, 0.000
CCS_1h2025032903, 0.000
CCS_1h2025032904, 0.000
CCS_1h2025032905, 0.000
CCS_1h2025032906, 0.000
CCS_1h2025032907, 0.000
CCS_1h2025032908, 0.000
CCS_1h2025032909, 0.000
CCS_1h2025032910, 0.000
CCS_1h2025032911, 0.000
CCS_1h2025032912, 0.000
CCS_1h2025032913, 0.000
CCS_1h2025032914, 0.000
CCS_1h2025032915, 0.000
CCS_1h2025032916, 0.000
CCS_1h2025032917, 0.000
CCS_1h2025032918, 0.000
CCS_1h2025032919, 0.000
CCS_1h2025032920, 0.000
CCS_1h2025032921, 0.000
CCS_1h2025032922, 0.000
CCS_1h2025032923, 0.000
CCS_1h2025033000, 0.000
CCS_1h2025033001, 0.000
CCS_1h2025033002, 0.000
CCS_1h2025033003, 0.000
CCS_1h2025033004, 0.000
CCS_1h2025033005, 0.000
CCS_1h2025033006, 0.000
CCS_1h2025033007, 0.000
CCS_1h2025033008, 0.000
CCS_1h2025033009, 0.000
CCS_1h2025033010, 0.000
CCS_1h2025033011, 0.000
CCS_1h2025033012, 0.000
CCS_1h2025033013, 0.000
CCS_1h2025033014, 0.000
CCS_1h2025033015, 0.000
CCS_1h2025033016, 0.000
CCS_1h2025033017, 0.000
CCS_1h2025033018, 0.000
CCS_1h2025033019, 0.000
CCS_1h2025033020, 0.000
CCS_1h2025033021, 0.000
CCS_1h2025033022, 0.000
CCS_1h2025033023, 0.000
CCS_1h2025033100, 0.000
CCS_1h2025033101, 0.000
CCS_1h2025033102, 0.000
CCS_1h2025033103, 0.000
CCS_1h2025033104, 0.000
CCS_1h2025033105, 0.000
CCS_1h2025033106, 0.000
CCS_1h2025033107, 0.000
CCS_1h2025033108, 0.000
CCS_1h2025033109, 0.000
CCS_1h2025033110, 0.000
CCS_1h2025033111, 1.000
CCS_1h2025033112, 1.000
CCS_1h2025033113, 1.000
CCS_1h2025033114, 0.000
CCS_1h2025033115, 0.000
CCS_1h2025033116, 0.000
CCS_1h2025033117, 0.000
CCS_1h2025033118, 2.000
CCS_1h2025033119, 1.000
CCS_1h2025033120, 0.000
CCS_1h2025033121, 0.000
CCS_1h2025033122, 0.000
CCS_1h2025033123, 1.000
CCS_1h2025040100, 0.000
CCS_1h2025040101, 0.000
CCS_1h2025040102, 0.000
CCS_1h2025040103, 0.000
CCS_1h2025040104, 0.000
CCS_1h2025040105, 0.000
CCS_1h2025040106, 0.000
CCS_1h2025040107, 0.000
CCS_1h2025040108, 0.000
CCS_1h2025040109, 0.000
CCS_1h2025040110, 0.000
CCS_1h2025040111, 0.000
CCS_1h2025040112, 0.000
CCS_1h2025040113, 0.000
CCS_1h2025040114, 0.000
CCS_1h2025040115, 0.000
CCS_1h2025040116, 0.000
CCS_1h2025040117, 0.000
CCS_1h2025040118, 0.000
CCS_1h2025040119, 0.000
CCS_1h2025040120, 0.000
CCS_1h2025040121, 0.000
CCS_1h2025040122, 0.000
CCS_1h2025040123, 0.000
CCS_1h2025040200, 0.000
CCS_1h2025040201, 0.000
CCS_1h2025040202, 0.000
CCS_1h2025040203, 0.000
CCS_1h2025040204, 0.000
CCS_1h2025040205, 0.000
CCS_1h2025040206, 0.000
CCS_1h2025040207, 0.000
CCS_1h2025040208, 0.000
CCS_1h2025040209, 0.000
CCS_1h2025040210, 12.000
CCS_1h2025040211, 1.000
CCS_1h2025040212, 0.000
CCS_1h2025040213, 0.000
CCS_1h2025040214, 0.000
CCS_1h2025040215, 0.000
CCS_1h2025040216, 0.000
CCS_1h2025040217, 0.000
CCS_1h2025040218, 0.000
CCS_1h2025040219, 0.000
CCS_1h2025040220, 0.000
CCS_1h2025040221, 0.000
CCS_1h2025040222, 0.000
CCS_1h2025040223, 0.000
